name,student_id,uid,picture_url,program code
John Rholly Jao,9938426031,UID001,John Rholly Jao.png,BSIS
Ronalyn Olaco,9165262272,UID002,Ronalyn Olaco.png,BSIS
Argie Paraiso,9532239391,UID003,Argie Paraiso.png,BSIS
Elizabeth Domingo,9095819174,UID004,Elizabeth Domingo.png,BSIS
Cyrus Farley Eronico,9456814677,5986A079,Cyrus Farley Eronico.jpg,BSIS
Rhea Tano,9511319851,UID006,Rhea Tano.png,BSIS
Joseph Valiente,9182052712,69548179,Joseph Valiente.png,BSIS
Gerald Credo,9096938379,UID008,Gerald Credo.png,BSIS
Venince Dave Autida,9096621406,UID009,Venince Dave Autida.png,BSIS
Genver Escartin,9651465023,39EC4E79,Genver Escartin.gif,BSIS
Sefehna,9095805141,UID011,Sefehna.png,BSIS
Rhealyn Cajes,9702467925,UID012,Rhealyn Cajes.png,BSIS
Elaine Suan,9097764938,UID013,Elaine Suan.png,BSIS
Jhon Marvin Evardo,9958838237,UID014,Jhon Marvin Evardo.png,BSIS
Brint Ace Crescencio,9651882402,69988779,Brint Ace Crescencio.gif,BSIS
Guilberto Marine,9508627146,UID016,Guilberto Marine.png,BSIS
Christian Rex Gaudiano,9558000568,UID017,Christian Rex Gaudiano.png,BSIS
Mherald Bitoy,9352163861,UID018,Mherald Bitoy.png,BSIS
Lymar Morgia,9517136754,UID019,Lymar Morgia.png,BSIS
Angelica Pantinos,9568251409,UID020,Angelica Pantinos.png,BSIS
James Barry Rose,9062638848,59438B79,James Barry Rose.gif,BSIS
Philip John Gelicame,9169628865,UID022,Philip John Gelicame.png,BSIS
Kevin Orong,9310254298,UID023,Kevin Orong.png,BSIS
MERRYCRIS Y. GARCIA,9562003313,UID024,MERRYCRIS Y. GARCIA.png,BSIS
